{"cameraMode":{"drawMode":0,"name":"Shaded","section":"Shading Mode"},"sceneLighting":true,"audioPlay":false,"sceneViewState":{"m_AlwaysRefresh":false,"showFog":true,"showSkybox":true,"showFlares":true,"showImageEffects":true,"showParticleSystems":true,"showVisualEffectGraphs":true,"m_FxEnabled":true},"in2DMode":false,"pivot":{"x":-1.3632153272628785,"y":0.5481932759284973,"z":-0.016770383343100549},"rotation":{"x":0.032347217202186587,"y":-0.6938082575798035,"z":0.031277675181627277,"w":0.7188097238540649},"size":1.7102235555648804,"orthographic":false}